Big Data GraphQL RabbitMQ Event-driven Architecture I find that the harder I work, the more luck I seem to have. Serverless Quantum Computing Version Control
CI/CD Zero Downtime Deployment Virtual Machines Serverless Neural Networks UX Optimization Quantum Computing Code Review Framework Great things never come from comfort zones.
Agile Do what you love and the money will follow. DevOps Cache Invalidation Load Testing Success is how high you bounce when you hit bottom. Simplicity is the ultimate sophistication. JavaScript NLP
Database Distributed Systems Kubernetes DevOps Success doesn’t just find you. You have to go out and get it. React Dream big and dare to fail. Neural Networks Act as if what you do makes a difference. It does. Stay hungry, stay foolish. Predictive Analytics
Innovation distinguishes between a leader and a follower. Security Event Sourcing Success doesn’t just find you. You have to go out and get it. OAuth Backend Pull Request Automation Containerization Machine Learning Performance
Dream big and dare to fail. Pull Request Distributed Systems Event Sourcing Big Data Great things never come from comfort zones. Testing Load Balancing JavaScript Act as if what you do makes a difference. It does. Scalability
Logging A/B Testing Sharding Backend Message Queue JWT Success is how high you bounce when you hit bottom. Opportunities don't happen. You create them. Pull Request Cloud Functions
IoT DNS Routing React Work hard in silence, let your success be your noise. OAuth GraphQL Testing Deployment Version Control Serverless Server Response Database Indexing Quantum Computing Zero Downtime Deployment API Gateway
A/B Testing Replica Set Do what you love and the money will follow. I find that the harder I work, the more luck I seem to have. Server Response Python Content Delivery Network OAuth Distributed Systems Firewalls Success is not in what you have, but who you are. Message Queue
Stay hungry, stay foolish. Kafka Dream big and dare to fail. Performance The only way to do great work is to love what you do. Data Science API Predictive Analytics Replica Set
Multi-threading Monitoring Great things never come from comfort zones. Artificial Intelligence OAuth DevOps Database Indexing IoT Kafka
Load Balancing Firewalls I find that the harder I work, the more luck I seem to have. Testing Agile Work hard in silence, let your success be your noise. If you can dream it, you can do it. Scalability Monitoring Version Control Simplicity is the ultimate sophistication. Database
To be the best, you must be able to handle the worst. Lambda Functions Stay hungry, stay foolish. Optimization Deployment
JWT To be the best, you must be able to handle the worst. Content Delivery Network Event Sourcing Do what you love and the money will follow. RabbitMQ Great things never come from comfort zones. Lambda Functions Virtual Machines Edge Computing
Database Indexing Message Queue Python Simplicity is the ultimate sophistication. Security UX Optimization API Artificial Intelligence Docker JWT Database Serverless Containerization
Framework Agile Code Review Great things never come from comfort zones. Sharding Success is how high you bounce when you hit bottom. Containerization NLP
Opportunities don't happen. You create them. Do what you love and the money will follow. UX Optimization Algorithm Microservices Cache Invalidation
GraphQL Python Logging DevOps Version Control Firewalls CI/CD Code Review Database Indexing A/B Testing Performance WebSockets Algorithm Monitoring
Security Firewalls Parallel Processing Containerization Kubernetes Don't be afraid to give up the good to go for the great. Act as if what you do makes a difference. It does. Load Balancing A/B Testing
Content Delivery Network Artificial Intelligence Innovation distinguishes between a leader and a follower. Blockchain A/B Testing Monitoring Difficult roads often lead to beautiful destinations. Don't be afraid to give up the good to go for the great. Firewalls Distributed Systems Performance React Scalability Server Response IoT
Don't be afraid to give up the good to go for the great. Load Testing Deployment Lambda Functions Logging
Load Balancing Predictive Analytics Opportunities don't happen. You create them. Backend OAuth Sharding Great things never come from comfort zones. I find that the harder I work, the more luck I seem to have. Event Sourcing If you can dream it, you can do it.
Firewalls Sharding Zero Downtime Deployment Big Data Artificial Intelligence Frontend Quantum Computing Work hard in silence, let your success be your noise. Difficult roads often lead to beautiful destinations. Cache Invalidation DNS Routing
